{"subPackages":[{"root":"mch/","pages":["mch/m/myshop/myshop","mch/m/setting/setting","mch/m/goods/goods","mch/m/order/order","mch/m/order-detail/order-detail","mch/m/order-send/order-send","mch/m/shop-qrcode/shop-qrcode","mch/m/account/account","mch/m/account-rest/account-rest","mch/m/account-log/account-log","mch/m/cash-log/cash-log","mch/m/tongji/tongji","mch/m/order-refund/order-refund","mch/apply/apply","mch/shop/shop","mch/shop-list/shop-list","mch/shop-cat/shop-cat","mch/m/cash/cash","mch/m/settle_detail/settle_detail","mch/shop-summary/shop-summary"]},{"root":"pond/","pages":["pond/pond/pond","pond/prize/prize","pond/rule/rule"]},{"root":"bargain/","pages":["bargain/goods/goods","bargain/list/list","bargain/activity/activity","bargain/order-list/order-list","bargain/rule/rule"]},{"root":"scratch/","pages":["scratch/index/index","scratch/prize/prize","scratch/rule/rule"]},{"root":"lottery/","pages":["lottery/index/index","lottery/detail/detail","lottery/goods/goods","lottery/prize/prize","lottery/rule/rule","lottery/lucky-code/lucky-code"]},{"root":"step/","pages":["step/index/index","step/detail/detail","step/goods/goods","step/dare/dare","step/rules/rules","step/top/top","step/join/join","step/log/log","step/share/share","step/friend/friend"]}],"page":{"pages/index/index.html":{"window":{"navigationBarTitleText":"","enablePullDownRefresh":true,"usingComponents":{"app-navigation":"/components/quick-navigation-components/index"}}},"pages/cart/cart.html":{"window":{"navigationBarTitleText":""}},"pages/goods/goods.html":{"window":{"navigationBarTitleText":"商品详情"}},"pages/list/list.html":{"window":{"navigationBarTitleText":"商品列表"}},"pages/user/user.html":{"window":{"navigationBarTitleText":""}},"pages/search/search.html":{"window":{"navigationBarTitleText":"搜索"}},"pages/order-submit/order-submit.html":{"window":{"navigationBarTitleText":"结算"}},"pages/order/order.html":{"window":{"navigationBarTitleText":"订单列表"}},"pages/order-detail/order-detail.html":{"window":{"navigationBarTitleText":"订单详情"}},"pages/address/address.html":{"window":{"navigationBarTitleText":"收货地址"}},"pages/address-edit/address-edit.html":{"window":{"navigationBarTitleText":"编辑地址"}},"pages/address-picker/address-picker.html":{"window":{"navigationBarTitleText":"选择收货地址"}},"pages/test/test.html":{"window":{}},"pages/favorite/favorite.html":{"window":{"navigationBarTitleText":""}},"pages/order-refund/order-refund.html":{"window":{"navigationBarTitleText":"申请售后"}},"pages/order-refund-detail/order-refund-detail.html":{"window":{"navigationBarTitleText":"售后单详情"}},"pages/add-share/index.html":{"window":{"navigationBarTitleText":"申请"}},"pages/share/index.html":{"window":{"navigationBarTitleText":""}},"pages/cash/cash.html":{"window":{"navigationBarTitleText":"申请提现"}},"pages/share-money/share-money.html":{"window":{"navigationBarTitleText":"分销佣金"}},"pages/cash-detail/cash-detail.html":{"window":{"navigationBarTitleText":"提现明细"}},"pages/share-team/share-team.html":{"window":{"navigationBarTitleText":"我的团队"}},"pages/share-order/share-order.html":{"window":{"navigationBarTitleText":"分销订单"}},"pages/share-qrcode/share-qrcode.html":{"window":{"navigationBarTitleText":"二维码"}},"pages/order-comment/order-comment.html":{"window":{"navigationBarTitleText":"评价"}},"pages/article-list/article-list.html":{"window":{"navigationBarTitleText":"服务中心"}},"pages/article-detail/article-detail.html":{"window":{"navigationBarTitleText":""}},"pages/express-detail/express-detail.html":{"window":{"navigationBarTitleText":"物流详情"}},"pages/cat/cat.html":{"window":{"navigationBarTitleText":"","enablePullDownRefresh":false}},"pages/coupon/coupon.html":{"window":{"navigationBarTitleText":""}},"pages/clerk/clerk.html":{"window":{"navigationBarTitleText":"核销订单"}},"pages/video/video-list.html":{"window":{"navigationBarTitleText":"视频专区"}},"pages/coupon-list/coupon-list.html":{"window":{"navigationBarTitleText":""}},"pages/topic-list/topic-list.html":{"window":{"navigationBarTitleText":"","enablePullDownRefresh":true}},"pages/topic/topic.html":{"window":{"navigationBarTitleText":""}},"pages/member/member.html":{"window":{"navigationBarTitleText":"会员中心"}},"pages/web/web.html":{"window":{"navigationBarTitleText":""}},"pages/shop/shop.html":{"window":{"navigationBarTitleText":"附近","enablePullDownRefresh":true}},"pages/shop-detail/shop-detail.html":{"window":{"navigationBarTitleText":"店铺详情"}},"pages/card/card.html":{"window":{"navigationBarTitleText":"我的卡券"}},"pages/card-clerk/card-clerk.html":{"window":{"navigationBarTitleText":"卡券核销"}},"pages/miaosha/miaosha.html":{"window":{"navigationBarTitleText":"整点秒杀","enablePullDownRefresh":false}},"pages/miaosha/details/details.html":{"window":{"navigationBarTitleText":"商品详情"}},"pages/miaosha/order-submit/order-submit.html":{"window":{"navigationBarTitleText":"订单提交"}},"pages/miaosha/order/order.html":{"window":{"navigationBarTitleText":"订单列表"}},"pages/miaosha/order-detail/order-detail.html":{"window":{"navigationBarTitleText":"订单详情"}},"pages/miaosha/express-detail/express-detail.html":{"window":{"navigationBarTitleText":"物流详情"}},"pages/miaosha/order-comment/order-comment.html":{"window":{"navigationBarTitleText":"评价"}},"pages/miaosha/order-refund/order-refund.html":{"window":{"navigationBarTitleText":"申请售后"}},"pages/miaosha/order-refund-detail/order-refund-detail.html":{"window":{"navigationBarTitleText":"售后单详情"}},"pages/pt/index/index.html":{"window":{"navigationBarTitleText":""}},"pages/pt/list/list.html":{"window":{}},"pages/pt/details/details.html":{"window":{"navigationBarTitleText":"拼团"}},"pages/pt/order-submit/order-submit.html":{"window":{"navigationBarTitleText":"确认订单"}},"pages/pt/order/order.html":{"window":{"navigationBarTitleText":"我的拼团"}},"pages/pt/order-details/order-details.html":{"window":{"navigationBarTitleText":"订单详情"}},"pages/pt/group/details.html":{"window":{"navigationBarTitleText":"拼团"}},"pages/pt/express-detail/express-detail.html":{"window":{"navigationBarTitleText":"物流详情"}},"pages/pt/order-comment/order-comment.html":{"window":{"navigationBarTitleText":"评价"}},"pages/pt/comment/comment.html":{"window":{"navigationBarTitleText":"商品评价"}},"pages/pt/clerk/clerk.html":{"window":{"navigationBarTitleText":"订单核销"}},"pages/pt/order-refund/order-refund.html":{"window":{"navigationBarTitleText":"申请售后"}},"pages/pt/order-refund-detail/order-refund-detail.html":{"window":{"navigationBarTitleText":"售后单详情"}},"pages/pt/search/search.html":{"window":{"navigationBarTitleText":"搜索","backgroundColor":"#f7f7f7"}},"pages/book/index/index.html":{"window":{"navigationBarTitleText":""}},"pages/book/details/details.html":{"window":{"navigationBarTitleText":"预约"}},"pages/book/submit/submit.html":{"window":{"navigationBarTitleText":"提交预约"}},"pages/book/order/order.html":{"window":{"navigationBarTitleText":"我的预约"}},"pages/book/order/details.html":{"window":{"navigationBarTitleText":"订单详情"}},"pages/book/shop/shop.html":{"window":{"navigationBarTitleText":"附近","enablePullDownRefresh":true}},"pages/book/clerk/clerk.html":{"window":{"navigationBarTitleText":"核销"}},"pages/book/order-comment/order-comment.html":{"window":{"navigationBarTitleText":"评价"}},"pages/book/comment/comment.html":{"window":{"navigationBarTitleText":"商品评价"}},"pages/fxhb/open/open.html":{"window":{"navigationBarTitleText":""}},"pages/fxhb/detail/detail.html":{"window":{"navigationBarTitleText":"拆红包"}},"pages/quick-purchase/index/index.html":{"window":{"navigationBarTitleText":"快速购买"}},"pages/balance/balance.html":{"window":{"navigationBarTitleText":"余额"}},"pages/recharge/recharge.html":{"window":{"navigationBarTitleText":"充值"}},"pages/bangding/bangding.html":{"window":{"navigationBarTitleText":"授权手机号"}},"pages/web/login/login.html":{"window":{"navigationBarTitleText":"登录网页端"}},"pages/web/authorization/authorization.html":{"window":{"navigationBarTitleText":"绑定公众号"}},"pages/balance/detail.html":{"window":{"navigationBarTitleText":"交易明细"}},"pages/login/login.html":{"window":{"navigationBarTitleText":"授权登录"}},"pages/integral-mall/index/index.html":{"window":{"navigationBarTitleText":""}},"pages/integral-mall/shuoming/index.html":{"window":{"navigationBarTitleText":"积分说明"}},"pages/integral-mall/detail/index.html":{"window":{"navigationBarTitleText":"积分明细"}},"pages/integral-mall/exchange/index.html":{"window":{"navigationBarTitleText":"我的兑换"}},"pages/integral-mall/register/index.html":{"window":{"navigationBarTitleText":"积分商城"}},"pages/integral-mall/coupon-info/index.html":{"window":{"navigationBarTitleText":"积分商城"}},"pages/integral-mall/goods-info/index.html":{"window":{"navigationBarTitleText":"商品详情"}},"pages/integral-mall/order-submit/index.html":{"window":{"navigationBarTitleText":"确认订单"}},"pages/integral-mall/order/order.html":{"window":{"navigationBarTitleText":"订单列表"}},"pages/integral-mall/clerk/clerk.html":{"window":{"navigationBarTitleText":"订单详情"}},"pages/store-disabled/store-disabled.html":{"window":{"navigationBarTitleText":"商城"}},"pages/new-order-submit/new-order-submit.html":{"window":{"navigationBarTitleText":"结算"}},"pages/coupon-detail/coupon-detail.html":{"window":{"navigationBarTitleText":"优惠券详情"}},"pages/card-detail/card-detail.html":{"window":{"navigationBarTitleText":"优惠券记录"}},"pages/demo/demo.html":{"window":{}},"pages/location/location.html":{"window":{"usingComponents":{}}},"mch/m/myshop/myshop.html":{"window":{"navigationBarTitleText":""}},"mch/m/setting/setting.html":{"window":{"navigationBarTitleText":"店铺管理"}},"mch/m/goods/goods.html":{"window":{"navigationBarTitleText":"商品管理"}},"mch/m/order/order.html":{"window":{"navigationBarTitleText":"订单管理"}},"mch/m/order-detail/order-detail.html":{"window":{"navigationBarTitleText":"订单详情"}},"mch/m/order-send/order-send.html":{"window":{"navigationBarTitleText":"订单发货"}},"mch/m/shop-qrcode/shop-qrcode.html":{"window":{"navigationBarTitleText":"店铺二维码"}},"mch/m/account/account.html":{"window":{"navigationBarTitleText":"资产"}},"mch/m/account-rest/account-rest.html":{"window":{}},"mch/m/account-log/account-log.html":{"window":{"navigationBarTitleText":"交易记录"}},"mch/m/cash-log/cash-log.html":{"window":{"navigationBarTitleText":"提现记录"}},"mch/m/tongji/tongji.html":{"window":{"navigationBarTitleText":"数据统计"}},"mch/m/order-refund/order-refund.html":{"window":{"navigationBarTitleText":"售后订单"}},"mch/apply/apply.html":{"window":{"navigationBarTitleText":"申请入驻"}},"mch/shop/shop.html":{"window":{"navigationBarTitleText":""}},"mch/shop-list/shop-list.html":{"window":{"navigationBarTitleText":""}},"mch/shop-cat/shop-cat.html":{"window":{"navigationBarTitleText":"店铺分类"}},"mch/m/cash/cash.html":{"window":{"navigationBarTitleText":"申请"}},"mch/m/settle_detail/settle_detail.html":{"window":{"navigationBarTitleText":"结算详情"}},"mch/shop-summary/shop-summary.html":{"window":{"navigationBarTitleText":"店铺简介"}},"pond/pond/pond.html":{"window":{"navigationBarTitleText":"抽奖"}},"pond/prize/prize.html":{"window":{"navigationBarTitleText":"中奖记录"}},"pond/rule/rule.html":{"window":{"navigationBarTitleText":"规则"}},"bargain/goods/goods.html":{"window":{"navigationBarTitleText":"商品详情"}},"bargain/list/list.html":{"window":{"navigationBarTitleText":"砍价","enablePullDownRefresh":true}},"bargain/activity/activity.html":{"window":{"navigationBarTitleText":"砍价"}},"bargain/order-list/order-list.html":{"window":{"navigationBarTitleText":"我的砍价"}},"bargain/rule/rule.html":{"window":{"navigationBarTitleText":"规则"}},"scratch/index/index.html":{"window":{"navigationBarTitleText":"抽奖"}},"scratch/prize/prize.html":{"window":{"navigationBarTitleText":"中奖记录"}},"scratch/rule/rule.html":{"window":{"navigationBarTitleText":"规则"}},"lottery/index/index.html":{"window":{"navigationBarTitleText":"抽奖"}},"lottery/detail/detail.html":{"window":{"navigationBarTitleText":"抽奖"}},"lottery/goods/goods.html":{"window":{"navigationBarTitleText":"商品详情"}},"lottery/prize/prize.html":{"window":{"navigationBarTitleText":"中奖记录"}},"lottery/rule/rule.html":{"window":{"navigationBarTitleText":"规则"}},"lottery/lucky-code/lucky-code.html":{"window":{"navigationBarTitleText":"幸运码"}},"step/index/index.html":{"window":{"component":true,"usingComponents":{},"navigationBarTitleText":"步数兑换"}},"step/detail/detail.html":{"window":{"component":true,"usingComponents":{},"navigationBarTitleText":"账户明细"}},"step/goods/goods.html":{"window":{"navigationBarTitleText":"商品详情"}},"step/dare/dare.html":{"window":{"component":true,"usingComponents":{},"navigationBarTitleText":"步数挑战"}},"step/rules/rules.html":{"window":{"component":true,"usingComponents":{},"navigationBarTitleText":"规则"}},"step/top/top.html":{"window":{"component":true,"usingComponents":{},"navigationBarTitleText":"排行榜"}},"step/join/join.html":{"window":{"component":true,"usingComponents":{},"navigationBarTitleText":"活动报名"}},"step/log/log.html":{"window":{"component":true,"usingComponents":{},"navigationBarTitleText":"战绩"}},"step/share/share.html":{"window":{"component":true,"usingComponents":{},"navigationBarTitleText":"分享海报"}},"step/friend/friend.html":{"window":{"navigationBarTitleText":"助力列表"}}},"debug":false,"permission":{"scope.userLocation":{"desc":"您的位置信息将用于获取周围商家信息"}},"entryPagePath":"pages/index/index.html","pages":["pages/index/index","pages/cart/cart","pages/goods/goods","pages/list/list","pages/user/user","pages/search/search","pages/order-submit/order-submit","pages/order/order","pages/order-detail/order-detail","pages/address/address","pages/address-edit/address-edit","pages/address-picker/address-picker","pages/test/test","pages/favorite/favorite","pages/order-refund/order-refund","pages/order-refund-detail/order-refund-detail","pages/add-share/index","pages/share/index","pages/cash/cash","pages/share-money/share-money","pages/cash-detail/cash-detail","pages/share-team/share-team","pages/share-order/share-order","pages/share-qrcode/share-qrcode","pages/order-comment/order-comment","pages/article-list/article-list","pages/article-detail/article-detail","pages/express-detail/express-detail","pages/cat/cat","pages/coupon/coupon","pages/clerk/clerk","pages/video/video-list","pages/coupon-list/coupon-list","pages/topic-list/topic-list","pages/topic/topic","pages/member/member","pages/web/web","pages/shop/shop","pages/shop-detail/shop-detail","pages/card/card","pages/card-clerk/card-clerk","pages/miaosha/miaosha","pages/miaosha/details/details","pages/miaosha/order-submit/order-submit","pages/miaosha/order/order","pages/miaosha/order-detail/order-detail","pages/miaosha/express-detail/express-detail","pages/miaosha/order-comment/order-comment","pages/miaosha/order-refund/order-refund","pages/miaosha/order-refund-detail/order-refund-detail","pages/pt/index/index","pages/pt/list/list","pages/pt/details/details","pages/pt/order-submit/order-submit","pages/pt/order/order","pages/pt/order-details/order-details","pages/pt/group/details","pages/pt/express-detail/express-detail","pages/pt/order-comment/order-comment","pages/pt/comment/comment","pages/pt/clerk/clerk","pages/pt/order-refund/order-refund","pages/pt/order-refund-detail/order-refund-detail","pages/pt/search/search","pages/book/index/index","pages/book/details/details","pages/book/submit/submit","pages/book/order/order","pages/book/order/details","pages/book/shop/shop","pages/book/clerk/clerk","pages/book/order-comment/order-comment","pages/book/comment/comment","pages/fxhb/open/open","pages/fxhb/detail/detail","pages/quick-purchase/index/index","pages/balance/balance","pages/recharge/recharge","pages/bangding/bangding","pages/web/login/login","pages/web/authorization/authorization","pages/balance/detail","pages/login/login","pages/integral-mall/index/index","pages/integral-mall/shuoming/index","pages/integral-mall/detail/index","pages/integral-mall/exchange/index","pages/integral-mall/register/index","pages/integral-mall/coupon-info/index","pages/integral-mall/goods-info/index","pages/integral-mall/order-submit/index","pages/integral-mall/order/order","pages/integral-mall/clerk/clerk","pages/store-disabled/store-disabled","pages/new-order-submit/new-order-submit","pages/coupon-detail/coupon-detail","pages/card-detail/card-detail","pages/demo/demo","pages/location/location","mch/m/myshop/myshop","mch/m/setting/setting","mch/m/goods/goods","mch/m/order/order","mch/m/order-detail/order-detail","mch/m/order-send/order-send","mch/m/shop-qrcode/shop-qrcode","mch/m/account/account","mch/m/account-rest/account-rest","mch/m/account-log/account-log","mch/m/cash-log/cash-log","mch/m/tongji/tongji","mch/m/order-refund/order-refund","mch/apply/apply","mch/shop/shop","mch/shop-list/shop-list","mch/shop-cat/shop-cat","mch/m/cash/cash","mch/m/settle_detail/settle_detail","mch/shop-summary/shop-summary","pond/pond/pond","pond/prize/prize","pond/rule/rule","bargain/goods/goods","bargain/list/list","bargain/activity/activity","bargain/order-list/order-list","bargain/rule/rule","scratch/index/index","scratch/prize/prize","scratch/rule/rule","lottery/index/index","lottery/detail/detail","lottery/goods/goods","lottery/prize/prize","lottery/rule/rule","lottery/lucky-code/lucky-code","step/index/index","step/detail/detail","step/goods/goods","step/dare/dare","step/rules/rules","step/top/top","step/join/join","step/log/log","step/share/share","step/friend/friend"],"global":{"window":{"backgroundTextStyle":"light","navigationBarBackgroundColor":"#fff","navigationBarTitleText":"Mall","navigationBarTextStyle":"black","backgroundColor":"#EFEFF4"}}}